tick,segment,input,x,delta_x,stride_distance,phase,action,facing,gait,velocity_x,speed_ratio
0,IDLE,0,700,0,0,0,Idle,Right,Run,0,0
1,IDLE,0,700,0,0,0,Idle,Right,Run,0,0
2,IDLE,0,700,0,0,0,Idle,Right,Run,0,0
3,IDLE,0,700,0,0,0,Idle,Right,Run,0,0
4,IDLE,0,700,0,0,0,Idle,Right,Run,0,0
5,IDLE,0,700,0,0,0,Idle,Right,Run,0,0
6,IDLE,0,700,0,0,0,Idle,Right,Run,0,0
7,IDLE,0,700,0,0,0,Idle,Right,Run,0,0
8,IDLE,0,700,0,0,0,Idle,Right,Run,0,0
9,IDLE,0,700,0,0,0,Idle,Right,Run,0,0
10,IDLE,0,700,0,0,0,Idle,Right,Run,0,0
11,IDLE,0,700,0,0,0,Idle,Right,Run,0,0
12,IDLE,0,700,0,0,0,Idle,Right,Run,0,0
13,IDLE,0,700,0,0,0,Idle,Right,Run,0,0
14,IDLE,0,700,0,0,0,Idle,Right,Run,0,0
15,IDLE,0,700,0,0,0,Idle,Right,Run,0,0
16,IDLE,0,700,0,0,0,Idle,Right,Run,0,0
17,IDLE,0,700,0,0,0,Idle,Right,Run,0,0
18,IDLE,0,700,0,0,0,Idle,Right,Run,0,0
19,IDLE,0,700,0,0,0,Idle,Right,Run,0,0
20,IDLE,0,700,0,0,0,Idle,Right,Run,0,0
21,IDLE,0,700,0,0,0,Idle,Right,Run,0,0
22,IDLE,0,700,0,0,0,Idle,Right,Run,0,0
23,IDLE,0,700,0,0,0,Idle,Right,Run,0,0
24,IDLE,0,700,0,0,0,Idle,Right,Run,0,0
25,IDLE,0,700,0,0,0,Idle,Right,Run,0,0
26,IDLE,0,700,0,0,0,Idle,Right,Run,0,0
27,IDLE,0,700,0,0,0,Idle,Right,Run,0,0
28,IDLE,0,700,0,0,0,Idle,Right,Run,0,0
29,IDLE,0,700,0,0,0,Idle,Right,Run,0,0
30,IDLE,0,700,0,0,0,Idle,Right,Run,0,0
31,IDLE,0,700,0,0,0,Idle,Right,Run,0,0
32,IDLE,0,700,0,0,0,Idle,Right,Run,0,0
33,IDLE,0,700,0,0,0,Idle,Right,Run,0,0
34,IDLE,0,700,0,0,0,Idle,Right,Run,0,0
35,IDLE,0,700,0,0,0,Idle,Right,Run,0,0
36,IDLE,0,700,0,0,0,Idle,Right,Run,0,0
37,IDLE,0,700,0,0,0,Idle,Right,Run,0,0
38,IDLE,0,700,0,0,0,Idle,Right,Run,0,0
39,IDLE,0,700,0,0,0,Idle,Right,Run,0,0
40,IDLE,0,700,0,0,0,Idle,Right,Run,0,0
41,IDLE,0,700,0,0,0,Idle,Right,Run,0,0
42,IDLE,0,700,0,0,0,Idle,Right,Run,0,0
43,IDLE,0,700,0,0,0,Idle,Right,Run,0,0
44,IDLE,0,700,0,0,0,Idle,Right,Run,0,0
45,IDLE,0,700,0,0,0,Idle,Right,Run,0,0
46,IDLE,0,700,0,0,0,Idle,Right,Run,0,0
47,IDLE,0,700,0,0,0,Idle,Right,Run,0,0
48,IDLE,0,700,0,0,0,Idle,Right,Run,0,0
49,IDLE,0,700,0,0,0,Idle,Right,Run,0,0
50,IDLE,0,700,0,0,0,Idle,Right,Run,0,0
51,IDLE,0,700,0,0,0,Idle,Right,Run,0,0
52,IDLE,0,700,0,0,0,Idle,Right,Run,0,0
53,IDLE,0,700,0,0,0,Idle,Right,Run,0,0
54,IDLE,0,700,0,0,0,Idle,Right,Run,0,0
55,IDLE,0,700,0,0,0,Idle,Right,Run,0,0
56,IDLE,0,700,0,0,0,Idle,Right,Run,0,0
57,IDLE,0,700,0,0,0,Idle,Right,Run,0,0
58,IDLE,0,700,0,0,0,Idle,Right,Run,0,0
59,IDLE,0,700,0,0,0,Idle,Right,Run,0,0
60,START / RUN RIGHT,1,700.9167,0.916687,0.916687,0.0033701728,Walk,Right,Run,55.000004,0.12087913
61,START / RUN RIGHT,1,702.75,1.833313,2.75,0.010110294,Walk,Right,Run,110.00001,0.24175826
62,START / RUN RIGHT,1,705.5,2.75,5.5,0.020220589,Walk,Right,Run,165.00002,0.3626374
63,START / RUN RIGHT,1,709.1667,3.666687,9.166687,0.033701055,Walk,Right,Run,220.00002,0.4835165
64,START / RUN RIGHT,1,713.75,4.583313,13.75,0.05055147,Walk,Right,Run,275.00003,0.6043957
65,START / RUN RIGHT,1,719.25,5.5,19.25,0.07077206,Walk,Right,Run,330.00003,0.7252748
66,START / RUN RIGHT,1,725.6667,6.416687,25.666687,0.09436282,Walk,Right,Run,385.00003,0.8461539
67,START / RUN RIGHT,1,733,7.333313,33,0.121323526,Walk,Right,Run,440.00003,0.967033
68,START / RUN RIGHT,1,740.5833,7.583313,40.583313,0.14920336,Walk,Right,Run,455,1
69,START / RUN RIGHT,1,748.1666,7.583313,48.166626,0.17708318,Walk,Right,Run,455,1
70,START / RUN RIGHT,1,755.74994,7.583313,55.74994,0.20496301,Walk,Right,Run,455,1
71,START / RUN RIGHT,1,763.33325,7.583313,63.333252,0.23284283,Walk,Right,Run,455,1
72,START / RUN RIGHT,1,770.91656,7.583313,70.916565,0.26072267,Walk,Right,Run,455,1
73,START / RUN RIGHT,1,778.4999,7.583313,78.49988,0.2886025,Walk,Right,Run,455,1
74,START / RUN RIGHT,1,786.0832,7.583313,86.08319,0.3164823,Walk,Right,Run,455,1
75,START / RUN RIGHT,1,793.6665,7.583313,93.666504,0.34436214,Walk,Right,Run,455,1
76,START / RUN RIGHT,1,801.2498,7.583313,101.24982,0.37224197,Walk,Right,Run,455,1
77,START / RUN RIGHT,1,808.8331,7.583313,108.83313,0.4001218,Walk,Right,Run,455,1
78,START / RUN RIGHT,1,816.41644,7.583313,116.41644,0.42800164,Walk,Right,Run,455,1
79,START / RUN RIGHT,1,823.99976,7.583313,123.999756,0.45588145,Walk,Right,Run,455,1
80,START / RUN RIGHT,1,831.58307,7.583313,131.58307,0.48376128,Walk,Right,Run,455,1
81,START / RUN RIGHT,1,839.1664,7.583313,139.16638,0.5116411,Walk,Right,Run,455,1
82,START / RUN RIGHT,1,846.7497,7.583313,146.7497,0.5395209,Walk,Right,Run,455,1
83,START / RUN RIGHT,1,854.333,7.583313,154.33301,0.56740075,Walk,Right,Run,455,1
84,START / RUN RIGHT,1,861.9163,7.583313,161.91632,0.5952806,Walk,Right,Run,455,1
85,START / RUN RIGHT,1,869.49963,7.583313,169.49963,0.6231604,Walk,Right,Run,455,1
86,START / RUN RIGHT,1,877.08295,7.583313,177.08295,0.65104026,Walk,Right,Run,455,1
87,START / RUN RIGHT,1,884.66626,7.583313,184.66626,0.6789201,Walk,Right,Run,455,1
88,START / RUN RIGHT,1,892.2496,7.583313,192.24957,0.7067999,Walk,Right,Run,455,1
89,START / RUN RIGHT,1,899.8329,7.583313,199.83289,0.7346797,Walk,Right,Run,455,1
90,START / RUN RIGHT,1,907.4162,7.583313,207.4162,0.76255953,Walk,Right,Run,455,1
91,START / RUN RIGHT,1,914.9995,7.583313,214.99951,0.79043937,Walk,Right,Run,455,1
92,START / RUN RIGHT,1,922.5828,7.583313,222.58282,0.8183192,Walk,Right,Run,455,1
93,START / RUN RIGHT,1,930.16614,7.583313,230.16614,0.84619904,Walk,Right,Run,455,1
94,START / RUN RIGHT,1,937.74945,7.583313,237.74945,0.87407887,Walk,Right,Run,455,1
95,START / RUN RIGHT,1,945.33276,7.583313,245.33276,0.9019587,Walk,Right,Run,455,1
96,START / RUN RIGHT,1,952.9161,7.583313,252.91608,0.92983854,Walk,Right,Run,455,1
97,START / RUN RIGHT,1,960.4994,7.583313,260.4994,0.9577184,Walk,Right,Run,455,1
98,START / RUN RIGHT,1,968.0827,7.583313,268.0827,0.98559815,Walk,Right,Run,455,1
99,START / RUN RIGHT,1,975.666,7.583313,275.66602,0.013478041,Walk,Right,Run,455,1
100,START / RUN RIGHT,1,983.2493,7.583313,283.24933,0.041357875,Walk,Right,Run,455,1
101,START / RUN RIGHT,1,990.83264,7.583313,290.83264,0.06923771,Walk,Right,Run,455,1
102,START / RUN RIGHT,1,998.41595,7.583313,298.41595,0.097117424,Walk,Right,Run,455,1
103,START / RUN RIGHT,1,1005.99927,7.583313,305.99927,0.12499726,Walk,Right,Run,455,1
104,START / RUN RIGHT,1,1013.5826,7.583313,313.58258,0.15287709,Walk,Right,Run,455,1
105,START / RUN RIGHT,1,1021.1659,7.583313,321.1659,0.18075693,Walk,Right,Run,455,1
106,START / RUN RIGHT,1,1028.7493,7.583374,328.74927,0.208637,Walk,Right,Run,455,1
107,START / RUN RIGHT,1,1036.3326,7.583374,336.33264,0.23651707,Walk,Right,Run,455,1
108,START / RUN RIGHT,1,1043.916,7.583374,343.91602,0.26439714,Walk,Right,Run,455,1
109,START / RUN RIGHT,1,1051.4994,7.583374,351.4994,0.29227722,Walk,Right,Run,455,1
110,START / RUN RIGHT,1,1059.0828,7.583374,359.08276,0.32015717,Walk,Right,Run,455,1
111,START / RUN RIGHT,1,1066.6661,7.583374,366.66614,0.34803724,Walk,Right,Run,455,1
112,START / RUN RIGHT,1,1074.2495,7.583374,374.2495,0.37591732,Walk,Right,Run,455,1
113,START / RUN RIGHT,1,1081.8329,7.583374,381.8329,0.4037974,Walk,Right,Run,455,1
114,START / RUN RIGHT,1,1089.4163,7.583374,389.41626,0.43167746,Walk,Right,Run,455,1
115,START / RUN RIGHT,1,1096.9996,7.583374,396.99963,0.45955753,Walk,Right,Run,455,1
116,START / RUN RIGHT,1,1104.583,7.583374,404.583,0.4874375,Walk,Right,Run,455,1
117,START / RUN RIGHT,1,1112.1664,7.583374,412.16638,0.51531756,Walk,Right,Run,455,1
118,START / RUN RIGHT,1,1119.7498,7.583374,419.74976,0.54319763,Walk,Right,Run,455,1
119,START / RUN RIGHT,1,1127.3331,7.583374,427.33313,0.5710777,Walk,Right,Run,455,1
120,START / RUN RIGHT,1,1134.9165,7.583374,434.9165,0.5989578,Walk,Right,Run,455,1
121,START / RUN RIGHT,1,1142.4999,7.583374,442.49988,0.62683773,Walk,Right,Run,455,1
122,START / RUN RIGHT,1,1150.0833,7.583374,450.08325,0.6547178,Walk,Right,Run,455,1
123,START / RUN RIGHT,1,1157.6666,7.583374,457.66663,0.6825979,Walk,Right,Run,455,1
124,START / RUN RIGHT,1,1165.25,7.583374,465.25,0.71047795,Walk,Right,Run,455,1
125,START / RUN RIGHT,1,1172.8334,7.583374,472.83337,0.738358,Walk,Right,Run,455,1
126,START / RUN RIGHT,1,1180.4167,7.583374,480.41675,0.7662381,Walk,Right,Run,455,1
127,START / RUN RIGHT,1,1188.0001,7.583374,488.00012,0.79411805,Walk,Right,Run,455,1
128,START / RUN RIGHT,1,1195.5835,7.583374,495.5835,0.8219981,Walk,Right,Run,455,1
129,START / RUN RIGHT,1,1203.1669,7.583374,503.16687,0.8498782,Walk,Right,Run,455,1
130,START / RUN RIGHT,1,1210.7502,7.583374,510.75024,0.87775826,Walk,Right,Run,455,1
131,START / RUN RIGHT,1,1218.3336,7.583374,518.3336,0.90563834,Walk,Right,Run,455,1
132,START / RUN RIGHT,1,1225.917,7.583374,525.917,0.9335184,Walk,Right,Run,455,1
133,START / RUN RIGHT,1,1233.5004,7.583374,533.50037,0.96139836,Walk,Right,Run,455,1
134,START / RUN RIGHT,1,1241.0837,7.583374,541.08374,0.98927844,Walk,Right,Run,455,1
135,START / RUN RIGHT,1,1248.6671,7.583374,548.6671,0.017158508,Walk,Right,Run,455,1
136,START / RUN RIGHT,1,1256.2505,7.583374,556.2505,0.04503846,Walk,Right,Run,455,1
137,START / RUN RIGHT,1,1263.8339,7.583374,563.83386,0.07291865,Walk,Right,Run,455,1
138,START / RUN RIGHT,1,1271.4172,7.583374,571.41724,0.10079861,Walk,Right,Run,455,1
139,START / RUN RIGHT,1,1279.0006,7.583374,579.0006,0.1286788,Walk,Right,Run,455,1
140,START / RUN RIGHT,1,1286.584,7.583374,586.584,0.15655875,Walk,Right,Run,455,1
141,START / RUN RIGHT,1,1294.1674,7.583374,594.16736,0.1844387,Walk,Right,Run,455,1
142,START / RUN RIGHT,1,1301.7507,7.583374,601.75073,0.2123189,Walk,Right,Run,455,1
143,START / RUN RIGHT,1,1309.3341,7.583374,609.3341,0.24019885,Walk,Right,Run,455,1
144,START / RUN RIGHT,1,1316.9175,7.583374,616.9175,0.26807904,Walk,Right,Run,455,1
145,START / RUN RIGHT,1,1324.5009,7.583374,624.50085,0.295959,Walk,Right,Run,455,1
146,START / RUN RIGHT,1,1332.0842,7.583374,632.0842,0.3238392,Walk,Right,Run,455,1
147,START / RUN RIGHT,1,1339.6676,7.583374,639.6676,0.35171914,Walk,Right,Run,455,1
148,START / RUN RIGHT,1,1347.251,7.583374,647.251,0.3795991,Walk,Right,Run,455,1
149,START / RUN RIGHT,1,1354.8344,7.583374,654.83435,0.4074793,Walk,Right,Run,455,1
150,START / RUN RIGHT,1,1362.4177,7.583374,662.4177,0.43535924,Walk,Right,Run,455,1
151,START / RUN RIGHT,1,1370.0011,7.583374,670.0011,0.46323943,Walk,Right,Run,455,1
152,START / RUN RIGHT,1,1377.5845,7.583374,677.5845,0.49111938,Walk,Right,Run,455,1
153,START / RUN RIGHT,1,1385.1678,7.583374,685.16785,0.51899934,Walk,Right,Run,455,1
154,START / RUN RIGHT,1,1392.7512,7.583374,692.7512,0.54687953,Walk,Right,Run,455,1
155,START / RUN RIGHT,1,1400.3346,7.583374,700.3346,0.5747595,Walk,Right,Run,455,1
156,START / RUN RIGHT,1,1407.918,7.583374,707.91797,0.6026397,Walk,Right,Run,455,1
157,START / RUN RIGHT,1,1415.5013,7.583374,715.50134,0.6305196,Walk,Right,Run,455,1
158,START / RUN RIGHT,1,1423.0847,7.583374,723.0847,0.6583996,Walk,Right,Run,455,1
159,START / RUN RIGHT,1,1430.6681,7.583374,730.6681,0.6862798,Walk,Right,Run,455,1
160,START / RUN RIGHT,1,1438.2515,7.583374,738.25146,0.7141597,Walk,Right,Run,455,1
161,START / RUN RIGHT,1,1445.8348,7.583374,745.83484,0.7420399,Walk,Right,Run,455,1
162,START / RUN RIGHT,1,1453.4182,7.583374,753.4182,0.7699199,Walk,Right,Run,455,1
163,START / RUN RIGHT,1,1461.0016,7.583374,761.0016,0.79780006,Walk,Right,Run,455,1
164,START / RUN RIGHT,1,1468.585,7.583374,768.58496,0.82568,Walk,Right,Run,455,1
165,START / RUN RIGHT,1,1476.1683,7.583374,776.16833,0.85356,Walk,Right,Run,455,1
166,START / RUN RIGHT,1,1483.7517,7.583374,783.7517,0.88144016,Walk,Right,Run,455,1
167,START / RUN RIGHT,1,1491.3351,7.583374,791.3351,0.9093201,Walk,Right,Run,455,1
168,START / RUN RIGHT,1,1498.9185,7.583374,798.91846,0.9372003,Walk,Right,Run,455,1
169,START / RUN RIGHT,1,1506.5018,7.583374,806.50183,0.96508026,Walk,Right,Run,455,1
170,START / RUN RIGHT,1,1514.0852,7.583374,814.0852,0.9929602,Walk,Right,Run,455,1
171,START / RUN RIGHT,1,1521.6686,7.583374,821.6686,0.020840406,Walk,Right,Run,455,1
172,START / RUN RIGHT,1,1529.252,7.583374,829.25195,0.04872036,Walk,Right,Run,455,1
173,START / RUN RIGHT,1,1536.8353,7.583374,836.8353,0.07660055,Walk,Right,Run,455,1
174,START / RUN RIGHT,1,1544.4187,7.583374,844.4187,0.104480505,Walk,Right,Run,455,1
175,START / RUN RIGHT,1,1552.0021,7.583374,852.0021,0.13236046,Walk,Right,Run,455,1
176,START / RUN RIGHT,1,1559.5854,7.583374,859.58545,0.16024065,Walk,Right,Run,455,1
177,START / RUN RIGHT,1,1567.1688,7.583374,867.1688,0.1881206,Walk,Right,Run,455,1
178,START / RUN RIGHT,1,1574.7522,7.583374,874.7522,0.2160008,Walk,Right,Run,455,1
179,START / RUN RIGHT,1,1582.3356,7.583374,882.3356,0.24388075,Walk,Right,Run,455,1
180,STOP,0,1588.8634,6.527832,888.8634,0.2678802,Walk,Right,Run,391.66666,0.8608058
181,STOP,0,1594.3356,5.472168,894.3356,0.28799844,Walk,Right,Run,328.3333,0.7216117
182,STOP,0,1598.7522,4.416626,898.7522,0.30423594,Walk,Right,Run,264.99997,0.5824175
183,STOP,0,1602.1133,3.361084,902.1133,0.31659293,Walk,Right,Run,201.66663,0.44322336
184,STOP,0,1604.4188,2.305542,904.4188,0.3250692,Walk,Right,Run,138.33328,0.3040292
185,STOP,0,1605.6688,1.25,905.6688,0.3296647,Walk,Right,Run,74.99995,0.16483505
186,STOP,0,1605.8633,0.19445801,905.8633,0.33037972,Walk,Right,Run,11.666611,0.025640903
187,STOP,0,1605.8633,0,905.8633,0.33037972,Idle,Right,Run,0,0
188,STOP,0,1605.8633,0,905.8633,0.33037972,Idle,Right,Run,0,0
189,STOP,0,1605.8633,0,905.8633,0.33037972,Idle,Right,Run,0,0
190,STOP,0,1605.8633,0,905.8633,0.33037972,Idle,Right,Run,0,0
191,STOP,0,1605.8633,0,905.8633,0.33037972,Idle,Right,Run,0,0
192,STOP,0,1605.8633,0,905.8633,0.33037972,Idle,Right,Run,0,0
193,STOP,0,1605.8633,0,905.8633,0.33037972,Idle,Right,Run,0,0
194,STOP,0,1605.8633,0,905.8633,0.33037972,Idle,Right,Run,0,0
195,STOP,0,1605.8633,0,905.8633,0.33037972,Idle,Right,Run,0,0
196,STOP,0,1605.8633,0,905.8633,0.33037972,Idle,Right,Run,0,0
197,STOP,0,1605.8633,0,905.8633,0.33037972,Idle,Right,Run,0,0
198,STOP,0,1605.8633,0,905.8633,0.33037972,Idle,Right,Run,0,0
199,STOP,0,1605.8633,0,905.8633,0.33037972,Idle,Right,Run,0,0
200,STOP,0,1605.8633,0,905.8633,0.33037972,Idle,Right,Run,0,0
201,STOP,0,1605.8633,0,905.8633,0.33037972,Idle,Right,Run,0,0
202,STOP,0,1605.8633,0,905.8633,0.33037972,Idle,Right,Run,0,0
203,STOP,0,1605.8633,0,905.8633,0.33037972,Idle,Right,Run,0,0
204,STOP,0,1605.8633,0,905.8633,0.33037972,Idle,Right,Run,0,0
205,STOP,0,1605.8633,0,905.8633,0.33037972,Idle,Right,Run,0,0
206,STOP,0,1605.8633,0,905.8633,0.33037972,Idle,Right,Run,0,0
207,STOP,0,1605.8633,0,905.8633,0.33037972,Idle,Right,Run,0,0
208,STOP,0,1605.8633,0,905.8633,0.33037972,Idle,Right,Run,0,0
209,STOP,0,1605.8633,0,905.8633,0.33037972,Idle,Right,Run,0,0
210,STOP,0,1605.8633,0,905.8633,0.33037972,Idle,Right,Run,0,0
211,STOP,0,1605.8633,0,905.8633,0.33037972,Idle,Right,Run,0,0
212,STOP,0,1605.8633,0,905.8633,0.33037972,Idle,Right,Run,0,0
213,STOP,0,1605.8633,0,905.8633,0.33037972,Idle,Right,Run,0,0
214,STOP,0,1605.8633,0,905.8633,0.33037972,Idle,Right,Run,0,0
215,STOP,0,1605.8633,0,905.8633,0.33037972,Idle,Right,Run,0,0
216,STOP,0,1605.8633,0,905.8633,0.33037972,Idle,Right,Run,0,0
217,STOP,0,1605.8633,0,905.8633,0.33037972,Idle,Right,Run,0,0
218,STOP,0,1605.8633,0,905.8633,0.33037972,Idle,Right,Run,0,0
219,STOP,0,1605.8633,0,905.8633,0.33037972,Idle,Right,Run,0,0
220,STOP,0,1605.8633,0,905.8633,0.33037972,Idle,Right,Run,0,0
221,STOP,0,1605.8633,0,905.8633,0.33037972,Idle,Right,Run,0,0
222,STOP,0,1605.8633,0,905.8633,0.33037972,Idle,Right,Run,0,0
223,STOP,0,1605.8633,0,905.8633,0.33037972,Idle,Right,Run,0,0
224,STOP,0,1605.8633,0,905.8633,0.33037972,Idle,Right,Run,0,0
225,STOP,0,1605.8633,0,905.8633,0.33037972,Idle,Right,Run,0,0
226,STOP,0,1605.8633,0,905.8633,0.33037972,Idle,Right,Run,0,0
227,STOP,0,1605.8633,0,905.8633,0.33037972,Idle,Right,Run,0,0
228,STOP,0,1605.8633,0,905.8633,0.33037972,Idle,Right,Run,0,0
229,STOP,0,1605.8633,0,905.8633,0.33037972,Idle,Right,Run,0,0
230,STOP,0,1605.8633,0,905.8633,0.33037972,Idle,Right,Run,0,0
231,STOP,0,1605.8633,0,905.8633,0.33037972,Idle,Right,Run,0,0
232,STOP,0,1605.8633,0,905.8633,0.33037972,Idle,Right,Run,0,0
233,STOP,0,1605.8633,0,905.8633,0.33037972,Idle,Right,Run,0,0
234,STOP,0,1605.8633,0,905.8633,0.33037972,Idle,Right,Run,0,0
235,STOP,0,1605.8633,0,905.8633,0.33037972,Idle,Right,Run,0,0
236,STOP,0,1605.8633,0,905.8633,0.33037972,Idle,Right,Run,0,0
237,STOP,0,1605.8633,0,905.8633,0.33037972,Idle,Right,Run,0,0
238,STOP,0,1605.8633,0,905.8633,0.33037972,Idle,Right,Run,0,0
239,STOP,0,1605.8633,0,905.8633,0.33037972,Idle,Right,Run,0,0
240,START / RUN LEFT,-1,1604.9467,-0.916626,906.7799,0.33374977,Walk,Left,Run,-55.000004,0.12087913
241,START / RUN LEFT,-1,1603.1133,-1.833374,908.6133,0.3404901,Walk,Left,Run,-110.00001,0.24175826
242,START / RUN LEFT,-1,1600.3633,-2.75,911.3633,0.35060024,Walk,Left,Run,-165.00002,0.3626374
243,START / RUN LEFT,-1,1596.6967,-3.666626,915.0299,0.36408043,Walk,Left,Run,-220.00002,0.4835165
244,START / RUN LEFT,-1,1592.1133,-4.583374,919.6133,0.38093114,Walk,Left,Run,-275.00003,0.6043957
245,START / RUN LEFT,-1,1586.6133,-5.5,925.1133,0.40115166,Walk,Left,Run,-330.00003,0.7252748
246,START / RUN LEFT,-1,1580.1967,-6.416626,931.5299,0.42474222,Walk,Left,Run,-385.00003,0.8461539
247,START / RUN LEFT,-1,1572.8633,-7.333374,938.8633,0.4517033,Walk,Left,Run,-440.00003,0.967033
248,START / RUN LEFT,-1,1565.2799,-7.583374,946.44666,0.47958326,Walk,Left,Run,-455,1
249,START / RUN LEFT,-1,1557.6965,-7.583374,954.03,0.50746346,Walk,Left,Run,-455,1
250,START / RUN LEFT,-1,1550.1132,-7.583374,961.6134,0.5353434,Walk,Left,Run,-455,1
251,START / RUN LEFT,-1,1542.5298,-7.583374,969.1968,0.56322336,Walk,Left,Run,-455,1
252,START / RUN LEFT,-1,1534.9464,-7.583374,976.78015,0.59110355,Walk,Left,Run,-455,1
253,START / RUN LEFT,-1,1527.363,-7.583374,984.3635,0.6189835,Walk,Left,Run,-455,1
254,START / RUN LEFT,-1,1519.7797,-7.583374,991.9469,0.6468637,Walk,Left,Run,-455,1
255,START / RUN LEFT,-1,1512.1963,-7.583374,999.5303,0.67474365,Walk,Left,Run,-455,1
256,START / RUN LEFT,-1,1504.6129,-7.583374,1007.11365,0.7026236,Walk,Left,Run,-455,1
257,START / RUN LEFT,-1,1497.0295,-7.583374,1014.697,0.7305038,Walk,Left,Run,-455,1
258,START / RUN LEFT,-1,1489.4462,-7.583374,1022.2804,0.75838375,Walk,Left,Run,-455,1
259,START / RUN LEFT,-1,1481.8628,-7.583374,1029.8638,0.78626394,Walk,Left,Run,-455,1
260,START / RUN LEFT,-1,1474.2794,-7.583374,1037.4471,0.8141439,Walk,Left,Run,-455,1
261,START / RUN LEFT,-1,1466.696,-7.583374,1045.0305,0.84202385,Walk,Left,Run,-455,1
262,START / RUN LEFT,-1,1459.1127,-7.583374,1052.6139,0.86990404,Walk,Left,Run,-455,1
263,START / RUN LEFT,-1,1451.5293,-7.583374,1060.1973,0.897784,Walk,Left,Run,-455,1
264,START / RUN LEFT,-1,1443.9459,-7.583374,1067.7806,0.9256642,Walk,Left,Run,-455,1
265,START / RUN LEFT,-1,1436.3625,-7.583374,1075.364,0.95354414,Walk,Left,Run,-455,1
266,START / RUN LEFT,-1,1428.7792,-7.583374,1082.9474,0.98142433,Walk,Left,Run,-455,1
267,START / RUN LEFT,-1,1421.1958,-7.583374,1090.5308,0.009304047,Walk,Left,Run,-455,1
268,START / RUN LEFT,-1,1413.6124,-7.583374,1098.1141,0.03718424,Walk,Left,Run,-455,1
269,START / RUN LEFT,-1,1406.029,-7.583374,1105.6975,0.06506443,Walk,Left,Run,-455,1
270,START / RUN LEFT,-1,1398.4457,-7.583374,1113.2809,0.09294462,Walk,Left,Run,-455,1
271,START / RUN LEFT,-1,1390.8623,-7.583374,1120.8643,0.12082434,Walk,Left,Run,-455,1
272,START / RUN LEFT,-1,1383.2789,-7.583374,1128.4476,0.14870453,Walk,Left,Run,-455,1
273,START / RUN LEFT,-1,1375.6956,-7.583374,1136.031,0.17658472,Walk,Left,Run,-455,1
274,START / RUN LEFT,-1,1368.1122,-7.583374,1143.6144,0.20446444,Walk,Left,Run,-455,1
275,START / RUN LEFT,-1,1360.5288,-7.583374,1151.1978,0.23234463,Walk,Left,Run,-455,1
276,START / RUN LEFT,-1,1352.9454,-7.583374,1158.7811,0.26022482,Walk,Left,Run,-455,1
277,START / RUN LEFT,-1,1345.362,-7.583374,1166.3645,0.288105,Walk,Left,Run,-455,1
278,START / RUN LEFT,-1,1337.7787,-7.583374,1173.9479,0.31598473,Walk,Left,Run,-455,1
279,START / RUN LEFT,-1,1330.1953,-7.583374,1181.5313,0.34386492,Walk,Left,Run,-455,1
280,START / RUN LEFT,-1,1322.6119,-7.583374,1189.1146,0.3717451,Walk,Left,Run,-455,1
281,START / RUN LEFT,-1,1315.0286,-7.583374,1196.698,0.39962482,Walk,Left,Run,-455,1
282,START / RUN LEFT,-1,1307.4452,-7.583374,1204.2814,0.42750502,Walk,Left,Run,-455,1
283,START / RUN LEFT,-1,1299.8618,-7.583374,1211.8647,0.4553852,Walk,Left,Run,-455,1
284,START / RUN LEFT,-1,1292.2784,-7.583374,1219.4481,0.48326492,Walk,Left,Run,-455,1
285,START / RUN LEFT,-1,1284.6951,-7.583374,1227.0315,0.5111451,Walk,Left,Run,-455,1
286,START / RUN LEFT,-1,1277.1117,-7.583374,1234.6149,0.5390253,Walk,Left,Run,-455,1
287,START / RUN LEFT,-1,1269.5283,-7.583374,1242.1982,0.5669055,Walk,Left,Run,-455,1
288,START / RUN LEFT,-1,1261.945,-7.583374,1249.7816,0.5947852,Walk,Left,Run,-455,1
289,START / RUN LEFT,-1,1254.3616,-7.583374,1257.365,0.6226654,Walk,Left,Run,-455,1
290,START / RUN LEFT,-1,1246.7782,-7.583374,1264.9484,0.6505456,Walk,Left,Run,-455,1
291,START / RUN LEFT,-1,1239.1948,-7.583374,1272.5317,0.6784253,Walk,Left,Run,-455,1
292,START / RUN LEFT,-1,1231.6115,-7.583374,1280.1151,0.7063055,Walk,Left,Run,-455,1
293,START / RUN LEFT,-1,1224.0281,-7.583374,1287.6985,0.7341857,Walk,Left,Run,-455,1
294,START / RUN LEFT,-1,1216.4447,-7.583374,1295.2819,0.7620659,Walk,Left,Run,-455,1
295,START / RUN LEFT,-1,1208.8613,-7.583374,1302.8652,0.7899456,Walk,Left,Run,-455,1
296,START / RUN LEFT,-1,1201.278,-7.583374,1310.4486,0.8178258,Walk,Left,Run,-455,1
297,START / RUN LEFT,-1,1193.6946,-7.583374,1318.032,0.845706,Walk,Left,Run,-455,1
298,START / RUN LEFT,-1,1186.1112,-7.583374,1325.6154,0.8735857,Walk,Left,Run,-455,1
299,START / RUN LEFT,-1,1178.5278,-7.583374,1333.1987,0.9014659,Walk,Left,Run,-455,1
300,START / RUN LEFT,-1,1170.9445,-7.583374,1340.7821,0.9293461,Walk,Left,Run,-455,1
301,START / RUN LEFT,-1,1163.3611,-7.583374,1348.3655,0.9572258,Walk,Left,Run,-455,1
302,START / RUN LEFT,-1,1155.7777,-7.583374,1355.9489,0.985106,Walk,Left,Run,-455,1
303,START / RUN LEFT,-1,1148.1943,-7.583374,1363.5322,0.012986183,Walk,Left,Run,-455,1
304,START / RUN LEFT,-1,1140.611,-7.583374,1371.1156,0.040866375,Walk,Left,Run,-455,1
305,START / RUN LEFT,-1,1133.0276,-7.583374,1378.699,0.06874609,Walk,Left,Run,-455,1
306,START / RUN LEFT,-1,1125.4442,-7.583374,1386.2823,0.09662628,Walk,Left,Run,-455,1
307,START / RUN LEFT,-1,1117.8608,-7.583374,1393.8657,0.12450647,Walk,Left,Run,-455,1
308,START / RUN LEFT,-1,1110.2775,-7.583374,1401.4491,0.15238619,Walk,Left,Run,-455,1
309,START / RUN LEFT,-1,1102.6941,-7.583374,1409.0325,0.18026638,Walk,Left,Run,-455,1
310,START / RUN LEFT,-1,1095.1107,-7.583374,1416.6158,0.20814657,Walk,Left,Run,-455,1
311,START / RUN LEFT,-1,1087.5273,-7.583374,1424.1992,0.23602676,Walk,Left,Run,-455,1
312,START / RUN LEFT,-1,1079.944,-7.583374,1431.7826,0.26390648,Walk,Left,Run,-455,1
313,START / RUN LEFT,-1,1072.3606,-7.583374,1439.366,0.29178667,Walk,Left,Run,-455,1
314,START / RUN LEFT,-1,1064.7772,-7.583374,1446.9493,0.31966686,Walk,Left,Run,-455,1
315,START / RUN LEFT,-1,1057.1938,-7.583374,1454.5327,0.34754658,Walk,Left,Run,-455,1
316,START / RUN LEFT,-1,1049.6105,-7.583374,1462.1161,0.37542677,Walk,Left,Run,-455,1
317,START / RUN LEFT,-1,1042.0271,-7.583374,1469.6995,0.40330696,Walk,Left,Run,-455,1
318,START / RUN LEFT,-1,1034.4437,-7.583374,1477.2828,0.43118668,Walk,Left,Run,-455,1
319,START / RUN LEFT,-1,1026.8604,-7.583374,1484.8662,0.45906687,Walk,Left,Run,-455,1
320,START / RUN LEFT,-1,1019.27704,-7.583313,1492.4495,0.48694658,Walk,Left,Run,-455,1
321,START / RUN LEFT,-1,1011.6937,-7.583313,1500.0327,0.5148263,Walk,Left,Run,-455,1
322,START / RUN LEFT,-1,1004.1104,-7.583313,1507.616,0.54270554,Walk,Left,Run,-455,1
323,START / RUN LEFT,-1,996.5271,-7.583313,1515.1992,0.57058525,Walk,Left,Run,-455,1
324,START / RUN LEFT,-1,988.9438,-7.583313,1522.7825,0.59846497,Walk,Left,Run,-455,1
325,START / RUN LEFT,-1,981.3605,-7.583313,1530.3657,0.6263447,Walk,Left,Run,-455,1
326,START / RUN LEFT,-1,973.77716,-7.583313,1537.949,0.6542244,Walk,Left,Run,-455,1
327,START / RUN LEFT,-1,966.19385,-7.583313,1545.5322,0.68210363,Walk,Left,Run,-455,1
328,START / RUN LEFT,-1,958.61053,-7.583313,1553.1155,0.70998335,Walk,Left,Run,-455,1
329,START / RUN LEFT,-1,951.0272,-7.583313,1560.6987,0.73786306,Walk,Left,Run,-455,1
330,START / RUN LEFT,-1,943.4439,-7.583313,1568.282,0.7657428,Walk,Left,Run,-455,1
331,START / RUN LEFT,-1,935.8606,-7.583313,1575.8652,0.793622,Walk,Left,Run,-455,1
332,START / RUN LEFT,-1,928.2773,-7.583313,1583.4485,0.82150173,Walk,Left,Run,-455,1
333,START / RUN LEFT,-1,920.694,-7.583313,1591.0317,0.84938145,Walk,Left,Run,-455,1
334,START / RUN LEFT,-1,913.11066,-7.583313,1598.615,0.87726116,Walk,Left,Run,-455,1
335,START / RUN LEFT,-1,905.52734,-7.583313,1606.1982,0.9051404,Walk,Left,Run,-455,1
336,START / RUN LEFT,-1,897.94403,-7.583313,1613.7815,0.9330201,Walk,Left,Run,-455,1
337,START / RUN LEFT,-1,890.3607,-7.583313,1621.3647,0.96089983,Walk,Left,Run,-455,1
338,START / RUN LEFT,-1,882.7774,-7.583313,1628.948,0.98877954,Walk,Left,Run,-455,1
339,START / RUN LEFT,-1,875.1941,-7.583313,1636.5313,0.016658783,Walk,Left,Run,-455,1
340,START / RUN LEFT,-1,867.6108,-7.583313,1644.1145,0.044538498,Walk,Left,Run,-455,1
341,START / RUN LEFT,-1,860.02747,-7.583313,1651.6978,0.07241821,Walk,Left,Run,-455,1
342,START / RUN LEFT,-1,852.44415,-7.583313,1659.281,0.10029793,Walk,Left,Run,-455,1
343,START / RUN LEFT,-1,844.86084,-7.583313,1666.8643,0.12817764,Walk,Left,Run,-455,1
344,START / RUN LEFT,-1,837.2775,-7.583313,1674.4475,0.15605688,Walk,Left,Run,-455,1
345,START / RUN LEFT,-1,829.6942,-7.583313,1682.0308,0.1839366,Walk,Left,Run,-455,1
346,START / RUN LEFT,-1,822.1109,-7.583313,1689.614,0.21181631,Walk,Left,Run,-455,1
347,START / RUN LEFT,-1,814.5276,-7.583313,1697.1973,0.23969603,Walk,Left,Run,-455,1
348,START / RUN LEFT,-1,806.9443,-7.583313,1704.7805,0.26757526,Walk,Left,Run,-455,1
349,START / RUN LEFT,-1,799.36096,-7.583313,1712.3638,0.29545498,Walk,Left,Run,-455,1
350,START / RUN LEFT,-1,791.77765,-7.583313,1719.947,0.3233347,Walk,Left,Run,-455,1
351,START / RUN LEFT,-1,784.19434,-7.583313,1727.5303,0.3512144,Walk,Left,Run,-455,1
352,START / RUN LEFT,-1,776.611,-7.583313,1735.1135,0.37909365,Walk,Left,Run,-455,1
353,START / RUN LEFT,-1,769.0277,-7.583313,1742.6968,0.40697336,Walk,Left,Run,-455,1
354,START / RUN LEFT,-1,761.4444,-7.583313,1750.28,0.43485308,Walk,Left,Run,-455,1
355,START / RUN LEFT,-1,753.8611,-7.583313,1757.8633,0.4627328,Walk,Left,Run,-455,1
356,START / RUN LEFT,-1,746.2778,-7.583313,1765.4465,0.49061203,Walk,Left,Run,-455,1
357,START / RUN LEFT,-1,738.69446,-7.583313,1773.0298,0.51849174,Walk,Left,Run,-455,1
358,START / RUN LEFT,-1,731.11115,-7.583313,1780.613,0.54637146,Walk,Left,Run,-455,1
359,START / RUN LEFT,-1,723.52783,-7.583313,1788.1963,0.5742512,Walk,Left,Run,-455,1
360,DIRECT REVERSE TO RIGHT,1,717.00006,-6.527771,1794.7241,0.5982504,Walk,Left,Run,-391.66666,0.8608058
361,DIRECT REVERSE TO RIGHT,1,711.52783,-5.472229,1800.1963,0.6183686,Walk,Left,Run,-328.3333,0.7216117
362,DIRECT REVERSE TO RIGHT,1,707.11115,-4.416687,1804.613,0.63460684,Walk,Left,Run,-264.99997,0.5824175
363,DIRECT REVERSE TO RIGHT,1,703.75006,-3.361084,1807.9741,0.6469636,Walk,Left,Run,-201.66663,0.44322336
364,DIRECT REVERSE TO RIGHT,1,701.4445,-2.305542,1810.2797,0.65543985,Walk,Left,Run,-138.33328,0.3040292
365,DIRECT REVERSE TO RIGHT,1,700.1945,-1.25,1811.5297,0.6600356,Walk,Left,Run,-74.99995,0.16483505
366,DIRECT REVERSE TO RIGHT,1,700.00006,-0.19445801,1811.7241,0.6607504,Walk,Left,Run,-11.666611,0.025640903
367,DIRECT REVERSE TO RIGHT,1,700.86115,0.861084,1812.5852,0.6639161,Walk,Right,Run,51.666725,0.11355324
368,DIRECT REVERSE TO RIGHT,1,702.6389,1.777771,1814.363,0.6704521,Walk,Right,Run,106.66673,0.23443238
369,DIRECT REVERSE TO RIGHT,1,705.3334,2.694458,1817.0575,0.6803584,Walk,Right,Run,161.66673,0.3553115
370,DIRECT REVERSE TO RIGHT,1,708.94446,3.611084,1820.6686,0.6936345,Walk,Right,Run,216.66673,0.47619063
371,DIRECT REVERSE TO RIGHT,1,713.4722,4.527771,1825.1963,0.7102804,Walk,Right,Run,271.66675,0.5970698
372,DIRECT REVERSE TO RIGHT,1,718.9167,5.444458,1830.6407,0.7302971,Walk,Right,Run,326.66675,0.7179489
373,DIRECT REVERSE TO RIGHT,1,725.2778,6.361084,1837.0018,0.7536831,Walk,Right,Run,381.66675,0.838828
374,DIRECT REVERSE TO RIGHT,1,732.55554,7.277771,1844.2795,0.7804394,Walk,Right,Run,436.66675,0.95970714
375,DIRECT REVERSE TO RIGHT,1,740.13885,7.583313,1851.8628,0.8083191,Walk,Right,Run,455,1
376,DIRECT REVERSE TO RIGHT,1,747.72217,7.583313,1859.446,0.8361988,Walk,Right,Run,455,1
377,DIRECT REVERSE TO RIGHT,1,755.3055,7.583313,1867.0293,0.8640785,Walk,Right,Run,455,1
378,DIRECT REVERSE TO RIGHT,1,762.8888,7.583313,1874.6125,0.89195776,Walk,Right,Run,455,1
379,DIRECT REVERSE TO RIGHT,1,770.4721,7.583313,1882.1958,0.9198375,Walk,Right,Run,455,1
380,DIRECT REVERSE TO RIGHT,1,778.0554,7.583313,1889.779,0.9477172,Walk,Right,Run,455,1
381,DIRECT REVERSE TO RIGHT,1,785.63873,7.583313,1897.3623,0.9755969,Walk,Right,Run,455,1
382,DIRECT REVERSE TO RIGHT,1,793.22205,7.583313,1904.9456,0.0034761429,Walk,Right,Run,455,1
383,DIRECT REVERSE TO RIGHT,1,800.80536,7.583313,1912.5288,0.031355858,Walk,Right,Run,455,1
384,DIRECT REVERSE TO RIGHT,1,808.3887,7.583313,1920.112,0.059235573,Walk,Right,Run,455,1
385,DIRECT REVERSE TO RIGHT,1,815.972,7.583313,1927.6953,0.08711529,Walk,Right,Run,455,1
386,DIRECT REVERSE TO RIGHT,1,823.5553,7.583313,1935.2786,0.114994526,Walk,Right,Run,455,1
387,DIRECT REVERSE TO RIGHT,1,831.1386,7.583313,1942.8618,0.14287424,Walk,Right,Run,455,1
388,DIRECT REVERSE TO RIGHT,1,838.7219,7.583313,1950.4451,0.17075396,Walk,Right,Run,455,1
389,DIRECT REVERSE TO RIGHT,1,846.30524,7.583313,1958.0283,0.19863367,Walk,Right,Run,455,1
390,DIRECT REVERSE TO RIGHT,1,853.88855,7.583313,1965.6116,0.22651291,Walk,Right,Run,455,1
391,DIRECT REVERSE TO RIGHT,1,861.47186,7.583313,1973.1948,0.25439262,Walk,Right,Run,455,1
392,DIRECT REVERSE TO RIGHT,1,869.0552,7.583313,1980.7781,0.28227234,Walk,Right,Run,455,1
393,DIRECT REVERSE TO RIGHT,1,876.6385,7.583313,1988.3613,0.31015205,Walk,Right,Run,455,1
394,DIRECT REVERSE TO RIGHT,1,884.2218,7.583313,1995.9446,0.33803177,Walk,Right,Run,455,1
395,DIRECT REVERSE TO RIGHT,1,891.8051,7.583313,2003.5278,0.365911,Walk,Right,Run,455,1
396,DIRECT REVERSE TO RIGHT,1,899.3884,7.583313,2011.1111,0.39379072,Walk,Right,Run,455,1
397,DIRECT REVERSE TO RIGHT,1,906.97174,7.583313,2018.6943,0.42167044,Walk,Right,Run,455,1
398,DIRECT REVERSE TO RIGHT,1,914.55505,7.583313,2026.2776,0.44955015,Walk,Right,Run,455,1
399,DIRECT REVERSE TO RIGHT,1,922.13837,7.583313,2033.8608,0.4774294,Walk,Right,Run,455,1
400,DIRECT REVERSE TO RIGHT,1,929.7217,7.583313,2041.4441,0.5053091,Walk,Right,Run,455,1
401,DIRECT REVERSE TO RIGHT,1,937.305,7.583313,2049.0273,0.5331888,Walk,Right,Run,455,1
402,DIRECT REVERSE TO RIGHT,1,944.8883,7.583313,2056.6106,0.56106853,Walk,Right,Run,455,1
403,DIRECT REVERSE TO RIGHT,1,952.4716,7.583313,2064.1938,0.5889478,Walk,Right,Run,455,1
404,DIRECT REVERSE TO RIGHT,1,960.05493,7.583313,2071.777,0.6168275,Walk,Right,Run,455,1
405,DIRECT REVERSE TO RIGHT,1,967.63824,7.583313,2079.3604,0.6447072,Walk,Right,Run,455,1
406,DIRECT REVERSE TO RIGHT,1,975.22156,7.583313,2086.9436,0.6725869,Walk,Right,Run,455,1
407,DIRECT REVERSE TO RIGHT,1,982.8049,7.583313,2094.5269,0.70046616,Walk,Right,Run,455,1
408,DIRECT REVERSE TO RIGHT,1,990.3882,7.583313,2102.11,0.7283459,Walk,Right,Run,455,1
409,DIRECT REVERSE TO RIGHT,1,997.9715,7.583313,2109.6934,0.7562256,Walk,Right,Run,455,1
410,DIRECT REVERSE TO RIGHT,1,1005.5548,7.583313,2117.2766,0.7841053,Walk,Right,Run,455,1
411,DIRECT REVERSE TO RIGHT,1,1013.1381,7.583313,2124.8599,0.811985,Walk,Right,Run,455,1
412,DIRECT REVERSE TO RIGHT,1,1020.72144,7.583313,2132.443,0.83986425,Walk,Right,Run,455,1
413,DIRECT REVERSE TO RIGHT,1,1028.3048,7.583374,2140.0264,0.86774397,Walk,Right,Run,455,1
414,DIRECT REVERSE TO RIGHT,1,1035.8882,7.583374,2147.6099,0.89562464,Walk,Right,Run,455,1
415,DIRECT REVERSE TO RIGHT,1,1043.4716,7.583374,2155.1934,0.9235048,Walk,Right,Run,455,1
416,DIRECT REVERSE TO RIGHT,1,1051.0549,7.583374,2162.7769,0.9513855,Walk,Right,Run,455,1
417,DIRECT REVERSE TO RIGHT,1,1058.6383,7.583374,2170.3604,0.97926617,Walk,Right,Run,455,1
418,DIRECT REVERSE TO RIGHT,1,1066.2217,7.583374,2177.9438,0.0071468353,Walk,Right,Run,455,1
419,DIRECT REVERSE TO RIGHT,1,1073.805,7.583374,2185.5273,0.03502655,Walk,Right,Run,455,1
420,DIRECT REVERSE TO RIGHT,1,1081.3884,7.583374,2193.1108,0.06290722,Walk,Right,Run,455,1
421,DIRECT REVERSE TO RIGHT,1,1088.9718,7.583374,2200.6943,0.09078789,Walk,Right,Run,455,1
422,DIRECT REVERSE TO RIGHT,1,1096.5552,7.583374,2208.2778,0.118668556,Walk,Right,Run,455,1
423,DIRECT REVERSE TO RIGHT,1,1104.1385,7.583374,2215.8613,0.14654922,Walk,Right,Run,455,1
424,DIRECT REVERSE TO RIGHT,1,1111.7219,7.583374,2223.4448,0.1744299,Walk,Right,Run,455,1
425,DIRECT REVERSE TO RIGHT,1,1119.3053,7.583374,2231.0283,0.20230961,Walk,Right,Run,455,1
426,DIRECT REVERSE TO RIGHT,1,1126.8887,7.583374,2238.6118,0.23019028,Walk,Right,Run,455,1
427,DIRECT REVERSE TO RIGHT,1,1134.472,7.583374,2246.1953,0.25807095,Walk,Right,Run,455,1
428,DIRECT REVERSE TO RIGHT,1,1142.0554,7.583374,2253.7788,0.2859516,Walk,Right,Run,455,1
429,DIRECT REVERSE TO RIGHT,1,1149.6388,7.583374,2261.3623,0.31383228,Walk,Right,Run,455,1
430,DIRECT REVERSE TO RIGHT,1,1157.2222,7.583374,2268.9458,0.34171295,Walk,Right,Run,455,1
431,DIRECT REVERSE TO RIGHT,1,1164.8055,7.583374,2276.5293,0.36959267,Walk,Right,Run,455,1
432,DIRECT REVERSE TO RIGHT,1,1172.3889,7.583374,2284.1128,0.39747334,Walk,Right,Run,455,1
433,DIRECT REVERSE TO RIGHT,1,1179.9723,7.583374,2291.6963,0.425354,Walk,Right,Run,455,1
434,DIRECT REVERSE TO RIGHT,1,1187.5557,7.583374,2299.2798,0.45323467,Walk,Right,Run,455,1
435,DIRECT REVERSE TO RIGHT,1,1195.139,7.583374,2306.8633,0.48111534,Walk,Right,Run,455,1
436,DIRECT REVERSE TO RIGHT,1,1202.7224,7.583374,2314.4468,0.50899506,Walk,Right,Run,455,1
437,DIRECT REVERSE TO RIGHT,1,1210.3058,7.583374,2322.0303,0.5368757,Walk,Right,Run,455,1
438,DIRECT REVERSE TO RIGHT,1,1217.8892,7.583374,2329.6138,0.5647564,Walk,Right,Run,455,1
439,DIRECT REVERSE TO RIGHT,1,1225.4725,7.583374,2337.1973,0.59263706,Walk,Right,Run,455,1
440,DIRECT REVERSE TO RIGHT,1,1233.0559,7.583374,2344.7808,0.62051773,Walk,Right,Run,455,1
441,DIRECT REVERSE TO RIGHT,1,1240.6393,7.583374,2352.3643,0.6483984,Walk,Right,Run,455,1
442,DIRECT REVERSE TO RIGHT,1,1248.2227,7.583374,2359.9478,0.6762781,Walk,Right,Run,455,1
443,DIRECT REVERSE TO RIGHT,1,1255.806,7.583374,2367.5313,0.7041588,Walk,Right,Run,455,1
444,DIRECT REVERSE TO RIGHT,1,1263.3894,7.583374,2375.1147,0.73203945,Walk,Right,Run,455,1
445,DIRECT REVERSE TO RIGHT,1,1270.9728,7.583374,2382.6982,0.7599201,Walk,Right,Run,455,1
446,DIRECT REVERSE TO RIGHT,1,1278.5562,7.583374,2390.2817,0.7878008,Walk,Right,Run,455,1
447,DIRECT REVERSE TO RIGHT,1,1286.1395,7.583374,2397.8652,0.81568146,Walk,Right,Run,455,1
448,DIRECT REVERSE TO RIGHT,1,1293.7229,7.583374,2405.4487,0.8435612,Walk,Right,Run,455,1
449,DIRECT REVERSE TO RIGHT,1,1301.3063,7.583374,2413.0322,0.87144184,Walk,Right,Run,455,1
450,DIRECT REVERSE TO RIGHT,1,1308.8896,7.583374,2420.6157,0.8993225,Walk,Right,Run,455,1
451,DIRECT REVERSE TO RIGHT,1,1316.473,7.583374,2428.1992,0.9272032,Walk,Right,Run,455,1
452,DIRECT REVERSE TO RIGHT,1,1324.0564,7.583374,2435.7827,0.95508385,Walk,Right,Run,455,1
453,DIRECT REVERSE TO RIGHT,1,1331.6398,7.583374,2443.3662,0.98296356,Walk,Right,Run,455,1
454,DIRECT REVERSE TO RIGHT,1,1339.2231,7.583374,2450.9497,0.010844231,Walk,Right,Run,455,1
455,DIRECT REVERSE TO RIGHT,1,1346.8065,7.583374,2458.5332,0.0387249,Walk,Right,Run,455,1
456,DIRECT REVERSE TO RIGHT,1,1354.3899,7.583374,2466.1167,0.06660557,Walk,Right,Run,455,1
457,DIRECT REVERSE TO RIGHT,1,1361.9733,7.583374,2473.7002,0.09448624,Walk,Right,Run,455,1
458,DIRECT REVERSE TO RIGHT,1,1369.5566,7.583374,2481.2837,0.122366905,Walk,Right,Run,455,1
459,DIRECT REVERSE TO RIGHT,1,1377.14,7.583374,2488.8672,0.15024662,Walk,Right,Run,455,1
460,DIRECT REVERSE TO RIGHT,1,1384.7234,7.583374,2496.4507,0.17812729,Walk,Right,Run,455,1
461,DIRECT REVERSE TO RIGHT,1,1392.3068,7.583374,2504.0342,0.20600796,Walk,Right,Run,455,1
462,DIRECT REVERSE TO RIGHT,1,1399.8901,7.583374,2511.6177,0.23388863,Walk,Right,Run,455,1
463,DIRECT REVERSE TO RIGHT,1,1407.4735,7.583374,2519.2012,0.2617693,Walk,Right,Run,455,1
464,DIRECT REVERSE TO RIGHT,1,1415.0569,7.583374,2526.7847,0.28964996,Walk,Right,Run,455,1
465,DIRECT REVERSE TO RIGHT,1,1422.6403,7.583374,2534.3682,0.31752968,Walk,Right,Run,455,1
466,DIRECT REVERSE TO RIGHT,1,1430.2236,7.583374,2541.9517,0.34541035,Walk,Right,Run,455,1
467,DIRECT REVERSE TO RIGHT,1,1437.807,7.583374,2549.5352,0.37329102,Walk,Right,Run,455,1
468,DIRECT REVERSE TO RIGHT,1,1445.3904,7.583374,2557.1187,0.40117168,Walk,Right,Run,455,1
469,DIRECT REVERSE TO RIGHT,1,1452.9738,7.583374,2564.7021,0.42905235,Walk,Right,Run,455,1
470,DIRECT REVERSE TO RIGHT,1,1460.5571,7.583374,2572.2856,0.45693207,Walk,Right,Run,455,1
471,DIRECT REVERSE TO RIGHT,1,1468.1405,7.583374,2579.8691,0.48481274,Walk,Right,Run,455,1
472,DIRECT REVERSE TO RIGHT,1,1475.7239,7.583374,2587.4526,0.5126934,Walk,Right,Run,455,1
473,DIRECT REVERSE TO RIGHT,1,1483.3073,7.583374,2595.0361,0.5405741,Walk,Right,Run,455,1
474,DIRECT REVERSE TO RIGHT,1,1490.8906,7.583374,2602.6196,0.56845474,Walk,Right,Run,455,1
475,DIRECT REVERSE TO RIGHT,1,1498.474,7.583374,2610.2031,0.5963354,Walk,Right,Run,455,1
476,DIRECT REVERSE TO RIGHT,1,1506.0574,7.583374,2617.7866,0.6242151,Walk,Right,Run,455,1
477,DIRECT REVERSE TO RIGHT,1,1513.6407,7.583374,2625.37,0.6520958,Walk,Right,Run,455,1
478,DIRECT REVERSE TO RIGHT,1,1521.2241,7.583374,2632.9536,0.67997646,Walk,Right,Run,455,1
479,DIRECT REVERSE TO RIGHT,1,1528.8075,7.583374,2640.537,0.70785713,Walk,Right,Run,455,1
480,STOP,0,1535.3353,6.527832,2647.065,0.73185635,Walk,Right,Run,391.66666,0.8608058
481,STOP,0,1540.8075,5.472168,2652.537,0.75197506,Walk,Right,Run,328.3333,0.7216117
482,STOP,0,1545.2241,4.416626,2656.9536,0.76821136,Walk,Right,Run,264.99997,0.5824175
483,STOP,0,1548.5852,3.361084,2660.3147,0.7805691,Walk,Right,Run,201.66663,0.44322336
484,STOP,0,1550.8907,2.305542,2662.62,0.7890444,Walk,Right,Run,138.33328,0.3040292
485,STOP,0,1552.1407,1.25,2663.87,0.79364014,Walk,Right,Run,74.99995,0.16483505
486,STOP,0,1552.3352,0.19445801,2664.0645,0.79435444,Walk,Right,Run,11.666611,0.025640903
487,STOP,0,1552.3352,0,2664.0645,0.79435444,Idle,Right,Run,0,0
488,STOP,0,1552.3352,0,2664.0645,0.79435444,Idle,Right,Run,0,0
489,STOP,0,1552.3352,0,2664.0645,0.79435444,Idle,Right,Run,0,0
490,STOP,0,1552.3352,0,2664.0645,0.79435444,Idle,Right,Run,0,0
491,STOP,0,1552.3352,0,2664.0645,0.79435444,Idle,Right,Run,0,0
492,STOP,0,1552.3352,0,2664.0645,0.79435444,Idle,Right,Run,0,0
493,STOP,0,1552.3352,0,2664.0645,0.79435444,Idle,Right,Run,0,0
494,STOP,0,1552.3352,0,2664.0645,0.79435444,Idle,Right,Run,0,0
495,STOP,0,1552.3352,0,2664.0645,0.79435444,Idle,Right,Run,0,0
496,STOP,0,1552.3352,0,2664.0645,0.79435444,Idle,Right,Run,0,0
497,STOP,0,1552.3352,0,2664.0645,0.79435444,Idle,Right,Run,0,0
498,STOP,0,1552.3352,0,2664.0645,0.79435444,Idle,Right,Run,0,0
499,STOP,0,1552.3352,0,2664.0645,0.79435444,Idle,Right,Run,0,0
500,STOP,0,1552.3352,0,2664.0645,0.79435444,Idle,Right,Run,0,0
501,STOP,0,1552.3352,0,2664.0645,0.79435444,Idle,Right,Run,0,0
502,STOP,0,1552.3352,0,2664.0645,0.79435444,Idle,Right,Run,0,0
503,STOP,0,1552.3352,0,2664.0645,0.79435444,Idle,Right,Run,0,0
504,STOP,0,1552.3352,0,2664.0645,0.79435444,Idle,Right,Run,0,0
505,STOP,0,1552.3352,0,2664.0645,0.79435444,Idle,Right,Run,0,0
506,STOP,0,1552.3352,0,2664.0645,0.79435444,Idle,Right,Run,0,0
507,STOP,0,1552.3352,0,2664.0645,0.79435444,Idle,Right,Run,0,0
508,STOP,0,1552.3352,0,2664.0645,0.79435444,Idle,Right,Run,0,0
509,STOP,0,1552.3352,0,2664.0645,0.79435444,Idle,Right,Run,0,0
510,STOP,0,1552.3352,0,2664.0645,0.79435444,Idle,Right,Run,0,0
511,STOP,0,1552.3352,0,2664.0645,0.79435444,Idle,Right,Run,0,0
512,STOP,0,1552.3352,0,2664.0645,0.79435444,Idle,Right,Run,0,0
513,STOP,0,1552.3352,0,2664.0645,0.79435444,Idle,Right,Run,0,0
514,STOP,0,1552.3352,0,2664.0645,0.79435444,Idle,Right,Run,0,0
515,STOP,0,1552.3352,0,2664.0645,0.79435444,Idle,Right,Run,0,0
516,STOP,0,1552.3352,0,2664.0645,0.79435444,Idle,Right,Run,0,0
517,STOP,0,1552.3352,0,2664.0645,0.79435444,Idle,Right,Run,0,0
518,STOP,0,1552.3352,0,2664.0645,0.79435444,Idle,Right,Run,0,0
519,STOP,0,1552.3352,0,2664.0645,0.79435444,Idle,Right,Run,0,0
520,STOP,0,1552.3352,0,2664.0645,0.79435444,Idle,Right,Run,0,0
521,STOP,0,1552.3352,0,2664.0645,0.79435444,Idle,Right,Run,0,0
522,STOP,0,1552.3352,0,2664.0645,0.79435444,Idle,Right,Run,0,0
523,STOP,0,1552.3352,0,2664.0645,0.79435444,Idle,Right,Run,0,0
524,STOP,0,1552.3352,0,2664.0645,0.79435444,Idle,Right,Run,0,0
525,STOP,0,1552.3352,0,2664.0645,0.79435444,Idle,Right,Run,0,0
526,STOP,0,1552.3352,0,2664.0645,0.79435444,Idle,Right,Run,0,0
527,STOP,0,1552.3352,0,2664.0645,0.79435444,Idle,Right,Run,0,0
528,STOP,0,1552.3352,0,2664.0645,0.79435444,Idle,Right,Run,0,0
529,STOP,0,1552.3352,0,2664.0645,0.79435444,Idle,Right,Run,0,0
530,STOP,0,1552.3352,0,2664.0645,0.79435444,Idle,Right,Run,0,0
531,STOP,0,1552.3352,0,2664.0645,0.79435444,Idle,Right,Run,0,0
532,STOP,0,1552.3352,0,2664.0645,0.79435444,Idle,Right,Run,0,0
533,STOP,0,1552.3352,0,2664.0645,0.79435444,Idle,Right,Run,0,0
534,STOP,0,1552.3352,0,2664.0645,0.79435444,Idle,Right,Run,0,0
535,STOP,0,1552.3352,0,2664.0645,0.79435444,Idle,Right,Run,0,0
536,STOP,0,1552.3352,0,2664.0645,0.79435444,Idle,Right,Run,0,0
537,STOP,0,1552.3352,0,2664.0645,0.79435444,Idle,Right,Run,0,0
538,STOP,0,1552.3352,0,2664.0645,0.79435444,Idle,Right,Run,0,0
539,STOP,0,1552.3352,0,2664.0645,0.79435444,Idle,Right,Run,0,0
540,START / RUN LEFT,-1,1551.4186,-0.916626,2664.981,0.79772377,Walk,Left,Run,-55.000004,0.12087913
541,START / RUN LEFT,-1,1549.5852,-1.833374,2666.8145,0.8044653,Walk,Left,Run,-110.00001,0.24175826
542,START / RUN LEFT,-1,1546.8352,-2.75,2669.5645,0.8145752,Walk,Left,Run,-165.00002,0.3626374
543,START / RUN LEFT,-1,1543.1686,-3.666626,2673.231,0.8280554,Walk,Left,Run,-220.00002,0.4835165
544,START / RUN LEFT,-1,1538.5852,-4.583374,2677.8145,0.84490585,Walk,Left,Run,-275.00003,0.6043957
545,START / RUN LEFT,-1,1533.0852,-5.5,2683.3145,0.8651266,Walk,Left,Run,-330.00003,0.7252748
546,START / RUN LEFT,-1,1526.6686,-6.416626,2689.731,0.8887167,Walk,Left,Run,-385.00003,0.8461539
547,START / RUN LEFT,-1,1519.3352,-7.333374,2697.0645,0.915678,Walk,Left,Run,-440.00003,0.967033
548,START / RUN LEFT,-1,1511.7518,-7.583374,2704.648,0.9435587,Walk,Left,Run,-455,1
549,START / RUN LEFT,-1,1504.1685,-7.583374,2712.2314,0.97143936,Walk,Left,Run,-455,1
550,START / RUN LEFT,-1,1496.5851,-7.583374,2719.815,0.99932003,Walk,Left,Run,-455,1
551,START / RUN LEFT,-1,1489.0017,-7.583374,2727.3984,0.027199745,Walk,Left,Run,-455,1
552,START / RUN LEFT,-1,1481.4183,-7.583374,2734.982,0.055080414,Walk,Left,Run,-455,1
553,START / RUN LEFT,-1,1473.835,-7.583374,2742.5654,0.08296108,Walk,Left,Run,-455,1
554,START / RUN LEFT,-1,1466.2516,-7.583374,2750.149,0.11084175,Walk,Left,Run,-455,1
555,START / RUN LEFT,-1,1458.6682,-7.583374,2757.7324,0.13872242,Walk,Left,Run,-455,1
556,START / RUN LEFT,-1,1451.0848,-7.583374,2765.316,0.16660309,Walk,Left,Run,-455,1
557,START / RUN LEFT,-1,1443.5015,-7.583374,2772.8994,0.1944828,Walk,Left,Run,-455,1
558,START / RUN LEFT,-1,1435.9181,-7.583374,2780.483,0.22236347,Walk,Left,Run,-455,1
559,START / RUN LEFT,-1,1428.3347,-7.583374,2788.0664,0.25024414,Walk,Left,Run,-455,1
560,START / RUN LEFT,-1,1420.7513,-7.583374,2795.65,0.2781248,Walk,Left,Run,-455,1
561,START / RUN LEFT,-1,1413.168,-7.583374,2803.2334,0.30600548,Walk,Left,Run,-455,1
562,START / RUN LEFT,-1,1405.5846,-7.583374,2810.817,0.3338852,Walk,Left,Run,-455,1
563,START / RUN LEFT,-1,1398.0012,-7.583374,2818.4004,0.36176586,Walk,Left,Run,-455,1
564,START / RUN LEFT,-1,1390.4178,-7.583374,2825.984,0.38964653,Walk,Left,Run,-455,1
565,START / RUN LEFT,-1,1382.8345,-7.583374,2833.5674,0.4175272,Walk,Left,Run,-455,1
566,START / RUN LEFT,-1,1375.2511,-7.583374,2841.151,0.44540787,Walk,Left,Run,-455,1
567,START / RUN LEFT,-1,1367.6677,-7.583374,2848.7344,0.47328854,Walk,Left,Run,-455,1
568,START / RUN LEFT,-1,1360.0844,-7.583374,2856.3179,0.50116825,Walk,Left,Run,-455,1
569,START / RUN LEFT,-1,1352.501,-7.583374,2863.9014,0.5290489,Walk,Left,Run,-455,1
570,START / RUN LEFT,-1,1344.9176,-7.583374,2871.4849,0.5569296,Walk,Left,Run,-455,1
571,START / RUN LEFT,-1,1337.3342,-7.583374,2879.0684,0.58481026,Walk,Left,Run,-455,1
572,START / RUN LEFT,-1,1329.7509,-7.583374,2886.6519,0.6126909,Walk,Left,Run,-455,1
573,START / RUN LEFT,-1,1322.1675,-7.583374,2894.2354,0.6405716,Walk,Left,Run,-455,1
574,START / RUN LEFT,-1,1314.5841,-7.583374,2901.8188,0.6684513,Walk,Left,Run,-455,1
575,START / RUN LEFT,-1,1307.0007,-7.583374,2909.4023,0.696332,Walk,Left,Run,-455,1
576,START / RUN LEFT,-1,1299.4174,-7.583374,2916.9858,0.72421265,Walk,Left,Run,-455,1
577,START / RUN LEFT,-1,1291.834,-7.583374,2924.5693,0.7520933,Walk,Left,Run,-455,1
578,START / RUN LEFT,-1,1284.2506,-7.583374,2932.1528,0.779974,Walk,Left,Run,-455,1
579,START / RUN LEFT,-1,1276.6672,-7.583374,2939.7363,0.8078537,Walk,Left,Run,-455,1
580,START / RUN LEFT,-1,1269.0839,-7.583374,2947.3198,0.83573437,Walk,Left,Run,-455,1
581,START / RUN LEFT,-1,1261.5005,-7.583374,2954.9033,0.86361504,Walk,Left,Run,-455,1
582,START / RUN LEFT,-1,1253.9171,-7.583374,2962.4868,0.8914957,Walk,Left,Run,-455,1
583,START / RUN LEFT,-1,1246.3337,-7.583374,2970.0703,0.9193764,Walk,Left,Run,-455,1
584,START / RUN LEFT,-1,1238.7504,-7.583374,2977.6538,0.94725704,Walk,Left,Run,-455,1
585,START / RUN LEFT,-1,1231.167,-7.583374,2985.2373,0.97513676,Walk,Left,Run,-455,1
586,START / RUN LEFT,-1,1223.5836,-7.583374,2992.8208,0.0030174255,Walk,Left,Run,-455,1
587,START / RUN LEFT,-1,1216.0002,-7.583374,3000.4043,0.030898094,Walk,Left,Run,-455,1
588,START / RUN LEFT,-1,1208.4169,-7.583374,3007.9878,0.058778763,Walk,Left,Run,-455,1
589,START / RUN LEFT,-1,1200.8335,-7.583374,3015.5713,0.08665943,Walk,Left,Run,-455,1
590,START / RUN LEFT,-1,1193.2501,-7.583374,3023.1548,0.1145401,Walk,Left,Run,-455,1
591,START / RUN LEFT,-1,1185.6667,-7.583374,3030.7383,0.14241982,Walk,Left,Run,-455,1
592,START / RUN LEFT,-1,1178.0834,-7.583374,3038.3218,0.17030048,Walk,Left,Run,-455,1
593,START / RUN LEFT,-1,1170.5,-7.583374,3045.9053,0.19818115,Walk,Left,Run,-455,1
594,START / RUN LEFT,-1,1162.9166,-7.583374,3053.4888,0.22606182,Walk,Left,Run,-455,1
595,START / RUN LEFT,-1,1155.3333,-7.583374,3061.0723,0.2539425,Walk,Left,Run,-455,1
596,START / RUN LEFT,-1,1147.7499,-7.583374,3068.6558,0.2818222,Walk,Left,Run,-455,1
597,START / RUN LEFT,-1,1140.1665,-7.583374,3076.2393,0.30970287,Walk,Left,Run,-455,1
598,START / RUN LEFT,-1,1132.5831,-7.583374,3083.8228,0.33758354,Walk,Left,Run,-455,1
599,START / RUN LEFT,-1,1124.9998,-7.583374,3091.4063,0.3654642,Walk,Left,Run,-455,1
600,START / RUN LEFT,-1,1117.4164,-7.583374,3098.9897,0.39334488,Walk,Left,Run,-455,1
601,START / RUN LEFT,-1,1109.833,-7.583374,3106.5732,0.42122555,Walk,Left,Run,-455,1
602,START / RUN LEFT,-1,1102.2496,-7.583374,3114.1567,0.44910526,Walk,Left,Run,-455,1
603,START / RUN LEFT,-1,1094.6663,-7.583374,3121.7402,0.47698593,Walk,Left,Run,-455,1
604,START / RUN LEFT,-1,1087.0829,-7.583374,3129.3237,0.5048666,Walk,Left,Run,-455,1
605,START / RUN LEFT,-1,1079.4995,-7.583374,3136.9072,0.53274727,Walk,Left,Run,-455,1
606,START / RUN LEFT,-1,1071.9161,-7.583374,3144.4907,0.56062794,Walk,Left,Run,-455,1
607,START / RUN LEFT,-1,1064.3328,-7.583374,3152.0742,0.5885086,Walk,Left,Run,-455,1
608,START / RUN LEFT,-1,1056.7494,-7.583374,3159.6577,0.6163883,Walk,Left,Run,-455,1
609,START / RUN LEFT,-1,1049.166,-7.583374,3167.2412,0.644269,Walk,Left,Run,-455,1
610,START / RUN LEFT,-1,1041.5826,-7.583374,3174.8247,0.67214966,Walk,Left,Run,-455,1
611,START / RUN LEFT,-1,1033.9993,-7.583374,3182.4082,0.7000303,Walk,Left,Run,-455,1
612,START / RUN LEFT,-1,1026.4159,-7.583374,3189.9917,0.727911,Walk,Left,Run,-455,1
613,START / RUN LEFT,-1,1018.8326,-7.583313,3197.575,0.7557907,Walk,Left,Run,-455,1
614,START / RUN LEFT,-1,1011.24927,-7.583313,3205.1582,0.7836695,Walk,Left,Run,-455,1
615,START / RUN LEFT,-1,1003.66595,-7.583313,3212.7415,0.8115492,Walk,Left,Run,-455,1
616,START / RUN LEFT,-1,996.08264,-7.583313,3220.3247,0.8394289,Walk,Left,Run,-455,1
617,START / RUN LEFT,-1,988.4993,-7.583313,3227.908,0.8673086,Walk,Left,Run,-455,1
618,START / RUN LEFT,-1,980.916,-7.583313,3235.4912,0.89518833,Walk,Left,Run,-455,1
619,START / RUN LEFT,-1,973.3327,-7.583313,3243.0745,0.92306805,Walk,Left,Run,-455,1
620,START / RUN LEFT,-1,965.7494,-7.583313,3250.6577,0.95094776,Walk,Left,Run,-455,1
621,START / RUN LEFT,-1,958.1661,-7.583313,3258.241,0.9788275,Walk,Left,Run,-455,1
622,START / RUN LEFT,-1,950.58276,-7.583313,3265.8242,0.006706238,Walk,Left,Run,-455,1
623,START / RUN LEFT,-1,942.99945,-7.583313,3273.4075,0.034585953,Walk,Left,Run,-455,1
624,START / RUN LEFT,-1,935.41614,-7.583313,3280.9907,0.062465668,Walk,Left,Run,-455,1
625,START / RUN LEFT,-1,927.8328,-7.583313,3288.574,0.09034538,Walk,Left,Run,-455,1
626,START / RUN LEFT,-1,920.2495,-7.583313,3296.1572,0.1182251,Walk,Left,Run,-455,1
627,START / RUN LEFT,-1,912.6662,-7.583313,3303.7405,0.14610481,Walk,Left,Run,-455,1
628,START / RUN LEFT,-1,905.0829,-7.583313,3311.3237,0.17398453,Walk,Left,Run,-455,1
629,START / RUN LEFT,-1,897.4996,-7.583313,3318.907,0.20186424,Walk,Left,Run,-455,1
630,START / RUN LEFT,-1,889.91626,-7.583313,3326.4902,0.22974396,Walk,Left,Run,-455,1
631,START / RUN LEFT,-1,882.33295,-7.583313,3334.0735,0.25762272,Walk,Left,Run,-455,1
632,START / RUN LEFT,-1,874.74963,-7.583313,3341.6567,0.28550243,Walk,Left,Run,-455,1
633,START / RUN LEFT,-1,867.1663,-7.583313,3349.24,0.31338215,Walk,Left,Run,-455,1
634,START / RUN LEFT,-1,859.583,-7.583313,3356.8232,0.34126186,Walk,Left,Run,-455,1
635,START / RUN LEFT,-1,851.9997,-7.583313,3364.4065,0.36914158,Walk,Left,Run,-455,1
636,START / RUN LEFT,-1,844.4164,-7.583313,3371.9897,0.3970213,Walk,Left,Run,-455,1
637,START / RUN LEFT,-1,836.83307,-7.583313,3379.573,0.424901,Walk,Left,Run,-455,1
638,START / RUN LEFT,-1,829.24976,-7.583313,3387.1563,0.45278072,Walk,Left,Run,-455,1
639,START / RUN LEFT,-1,821.66644,-7.583313,3394.7395,0.48065948,Walk,Left,Run,-455,1
640,START / RUN LEFT,-1,814.0831,-7.583313,3402.3228,0.5085392,Walk,Left,Run,-455,1
641,START / RUN LEFT,-1,806.4998,-7.583313,3409.906,0.5364189,Walk,Left,Run,-455,1
642,START / RUN LEFT,-1,798.9165,-7.583313,3417.4893,0.5642986,Walk,Left,Run,-455,1
643,START / RUN LEFT,-1,791.3332,-7.583313,3425.0725,0.59217834,Walk,Left,Run,-455,1
644,START / RUN LEFT,-1,783.7499,-7.583313,3432.6558,0.62005806,Walk,Left,Run,-455,1
645,START / RUN LEFT,-1,776.16656,-7.583313,3440.239,0.6479378,Walk,Left,Run,-455,1
646,START / RUN LEFT,-1,768.58325,-7.583313,3447.8223,0.6758175,Walk,Left,Run,-455,1
647,START / RUN LEFT,-1,760.99994,-7.583313,3455.4055,0.7036972,Walk,Left,Run,-455,1
648,START / RUN LEFT,-1,753.4166,-7.583313,3462.9888,0.73157597,Walk,Left,Run,-455,1
649,START / RUN LEFT,-1,745.8333,-7.583313,3470.572,0.7594557,Walk,Left,Run,-455,1
650,START / RUN LEFT,-1,738.25,-7.583313,3478.1553,0.7873354,Walk,Left,Run,-455,1
651,START / RUN LEFT,-1,730.6667,-7.583313,3485.7385,0.8152151,Walk,Left,Run,-455,1
652,START / RUN LEFT,-1,723.0834,-7.583313,3493.3218,0.8430948,Walk,Left,Run,-455,1
653,START / RUN LEFT,-1,715.50006,-7.583313,3500.905,0.87097454,Walk,Left,Run,-455,1
654,START / RUN LEFT,-1,707.91675,-7.583313,3508.4883,0.89885426,Walk,Left,Run,-455,1
655,START / RUN LEFT,-1,700.33344,-7.583313,3516.0715,0.926734,Walk,Left,Run,-455,1
656,START / RUN LEFT,-1,692.7501,-7.583313,3523.6548,0.95461273,Walk,Left,Run,-455,1
657,START / RUN LEFT,-1,685.1668,-7.583313,3531.238,0.98249245,Walk,Left,Run,-455,1
658,START / RUN LEFT,-1,677.5835,-7.583313,3538.8213,0.010372162,Walk,Left,Run,-455,1
659,START / RUN LEFT,-1,670.0002,-7.583313,3546.4045,0.038251877,Walk,Left,Run,-455,1
660,FINAL STOP,0,663.4724,-6.527771,3552.9324,0.06225109,Walk,Left,Run,-391.66666,0.8608058
661,FINAL STOP,0,658.0002,-5.472229,3558.4045,0.082369804,Walk,Left,Run,-328.3333,0.7216117
662,FINAL STOP,0,653.5835,-4.416687,3562.8213,0.09860802,Walk,Left,Run,-264.99997,0.5824175
663,FINAL STOP,0,650.2224,-3.361084,3566.1824,0.110964775,Walk,Left,Run,-201.66663,0.44322336
664,FINAL STOP,0,647.9169,-2.305542,3568.4878,0.11944008,Walk,Left,Run,-138.33328,0.3040292
665,FINAL STOP,0,646.6669,-1.25,3569.7378,0.124035835,Walk,Left,Run,-74.99995,0.16483505
666,FINAL STOP,0,646.4724,-0.19445801,3569.9321,0.12475014,Walk,Left,Run,-11.666611,0.025640903
667,FINAL STOP,0,646.4724,0,3569.9321,0.12475014,Idle,Left,Run,0,0
668,FINAL STOP,0,646.4724,0,3569.9321,0.12475014,Idle,Left,Run,0,0
669,FINAL STOP,0,646.4724,0,3569.9321,0.12475014,Idle,Left,Run,0,0
670,FINAL STOP,0,646.4724,0,3569.9321,0.12475014,Idle,Left,Run,0,0
671,FINAL STOP,0,646.4724,0,3569.9321,0.12475014,Idle,Left,Run,0,0
672,FINAL STOP,0,646.4724,0,3569.9321,0.12475014,Idle,Left,Run,0,0
673,FINAL STOP,0,646.4724,0,3569.9321,0.12475014,Idle,Left,Run,0,0
674,FINAL STOP,0,646.4724,0,3569.9321,0.12475014,Idle,Left,Run,0,0
675,FINAL STOP,0,646.4724,0,3569.9321,0.12475014,Idle,Left,Run,0,0
676,FINAL STOP,0,646.4724,0,3569.9321,0.12475014,Idle,Left,Run,0,0
677,FINAL STOP,0,646.4724,0,3569.9321,0.12475014,Idle,Left,Run,0,0
678,FINAL STOP,0,646.4724,0,3569.9321,0.12475014,Idle,Left,Run,0,0
679,FINAL STOP,0,646.4724,0,3569.9321,0.12475014,Idle,Left,Run,0,0
680,FINAL STOP,0,646.4724,0,3569.9321,0.12475014,Idle,Left,Run,0,0
681,FINAL STOP,0,646.4724,0,3569.9321,0.12475014,Idle,Left,Run,0,0
682,FINAL STOP,0,646.4724,0,3569.9321,0.12475014,Idle,Left,Run,0,0
683,FINAL STOP,0,646.4724,0,3569.9321,0.12475014,Idle,Left,Run,0,0
684,FINAL STOP,0,646.4724,0,3569.9321,0.12475014,Idle,Left,Run,0,0
685,FINAL STOP,0,646.4724,0,3569.9321,0.12475014,Idle,Left,Run,0,0
686,FINAL STOP,0,646.4724,0,3569.9321,0.12475014,Idle,Left,Run,0,0
687,FINAL STOP,0,646.4724,0,3569.9321,0.12475014,Idle,Left,Run,0,0
688,FINAL STOP,0,646.4724,0,3569.9321,0.12475014,Idle,Left,Run,0,0
689,FINAL STOP,0,646.4724,0,3569.9321,0.12475014,Idle,Left,Run,0,0
690,FINAL STOP,0,646.4724,0,3569.9321,0.12475014,Idle,Left,Run,0,0
691,FINAL STOP,0,646.4724,0,3569.9321,0.12475014,Idle,Left,Run,0,0
692,FINAL STOP,0,646.4724,0,3569.9321,0.12475014,Idle,Left,Run,0,0
693,FINAL STOP,0,646.4724,0,3569.9321,0.12475014,Idle,Left,Run,0,0
694,FINAL STOP,0,646.4724,0,3569.9321,0.12475014,Idle,Left,Run,0,0
695,FINAL STOP,0,646.4724,0,3569.9321,0.12475014,Idle,Left,Run,0,0
696,FINAL STOP,0,646.4724,0,3569.9321,0.12475014,Idle,Left,Run,0,0
697,FINAL STOP,0,646.4724,0,3569.9321,0.12475014,Idle,Left,Run,0,0
698,FINAL STOP,0,646.4724,0,3569.9321,0.12475014,Idle,Left,Run,0,0
699,FINAL STOP,0,646.4724,0,3569.9321,0.12475014,Idle,Left,Run,0,0
700,FINAL STOP,0,646.4724,0,3569.9321,0.12475014,Idle,Left,Run,0,0
701,FINAL STOP,0,646.4724,0,3569.9321,0.12475014,Idle,Left,Run,0,0
702,FINAL STOP,0,646.4724,0,3569.9321,0.12475014,Idle,Left,Run,0,0
703,FINAL STOP,0,646.4724,0,3569.9321,0.12475014,Idle,Left,Run,0,0
704,FINAL STOP,0,646.4724,0,3569.9321,0.12475014,Idle,Left,Run,0,0
705,FINAL STOP,0,646.4724,0,3569.9321,0.12475014,Idle,Left,Run,0,0
706,FINAL STOP,0,646.4724,0,3569.9321,0.12475014,Idle,Left,Run,0,0
707,FINAL STOP,0,646.4724,0,3569.9321,0.12475014,Idle,Left,Run,0,0
708,FINAL STOP,0,646.4724,0,3569.9321,0.12475014,Idle,Left,Run,0,0
709,FINAL STOP,0,646.4724,0,3569.9321,0.12475014,Idle,Left,Run,0,0
710,FINAL STOP,0,646.4724,0,3569.9321,0.12475014,Idle,Left,Run,0,0
711,FINAL STOP,0,646.4724,0,3569.9321,0.12475014,Idle,Left,Run,0,0
712,FINAL STOP,0,646.4724,0,3569.9321,0.12475014,Idle,Left,Run,0,0
713,FINAL STOP,0,646.4724,0,3569.9321,0.12475014,Idle,Left,Run,0,0
714,FINAL STOP,0,646.4724,0,3569.9321,0.12475014,Idle,Left,Run,0,0
715,FINAL STOP,0,646.4724,0,3569.9321,0.12475014,Idle,Left,Run,0,0
716,FINAL STOP,0,646.4724,0,3569.9321,0.12475014,Idle,Left,Run,0,0
717,FINAL STOP,0,646.4724,0,3569.9321,0.12475014,Idle,Left,Run,0,0
718,FINAL STOP,0,646.4724,0,3569.9321,0.12475014,Idle,Left,Run,0,0
719,FINAL STOP,0,646.4724,0,3569.9321,0.12475014,Idle,Left,Run,0,0
